image_name,mse,entropy
D:\Project\Collections\FAS\Auto-Crop\result02\2023-03-08_11-13-00_org_removed_face_0.png,8.555348668981482,4.855959961205446
D:\Project\Collections\FAS\Auto-Crop\result02\2023-03-08_11-13-00_tmp_removed_face_0.png,4.974697627314815,3.915985020018815
D:\Project\Collections\FAS\Auto-Crop\result02\2023-03-08_11-48-25_org_removed_face_0.png,10.317821180555555,5.687677049686513
D:\Project\Collections\FAS\Auto-Crop\result02\2023-03-08_11-48-25_tmp_removed_face_0.png,13.144587673611111,5.94313308272191
D:\Project\Collections\FAS\Auto-Crop\result02\2023-03-08_14-03-50_org_removed_face_0.png,6.315886863425926,4.1694837558126325
D:\Project\Collections\FAS\Auto-Crop\result02\2023-03-08_14-03-50_tmp_removed_face_0.png,6.56568287037037,3.8822764657268856
D:\Project\Collections\FAS\Auto-Crop\result02\2023-03-08_14-03-57_org_removed_face_0.png,7.693269675925926,5.097261251398712
D:\Project\Collections\FAS\Auto-Crop\result02\2023-03-08_14-03-57_tmp_removed_face_0.png,9.096916956018518,5.510035548954577
D:\Project\Collections\FAS\Auto-Crop\result02\2023-03-08_14-04-14_org_removed_face_0.png,7.693269675925926,5.097261251398712
D:\Project\Collections\FAS\Auto-Crop\result02\2023-03-08_14-04-14_tmp_removed_face_0.png,10.54083912037037,5.5319988732726895
D:\Project\Collections\FAS\Auto-Crop\result02\2023-03-08_15-07-12_org_removed_face_0.png,8.555348668981482,4.855959961205446
D:\Project\Collections\FAS\Auto-Crop\result02\2023-03-08_16-49-01_org_removed_face_0.png,17.677641782407406,6.295607031304968
D:\Project\Collections\FAS\Auto-Crop\result02\2023-03-08_17-16-51_org_removed_face_0.png,11.648819444444445,4.52365056452159
D:\Project\Collections\FAS\Auto-Crop\result02\2023-03-08_17-16-51_tmp_removed_face_0.png,11.494916087962963,4.580481187563064
D:\Project\Collections\FAS\Auto-Crop\result02\2023-03-08_17-17-15_org_removed_face_0.png,11.648819444444445,4.52365056452159
D:\Project\Collections\FAS\Auto-Crop\result02\2023-03-08_17-17-15_tmp_removed_face_0.png,10.683842592592592,4.566224125568069
D:\Project\Collections\FAS\Auto-Crop\result02\2023-03-08_17-29-37_org_removed_face_0.png,12.243705150462963,5.741852925242578
D:\Project\Collections\FAS\Auto-Crop\result02\2023-03-08_17-29-46_org_removed_face_0.png,5.110614872685185,4.998631867201335
D:\Project\Collections\FAS\Auto-Crop\result02\2023-03-08_17-29-46_tmp_removed_face_0.png,6.891442418981481,5.0502735460360695
D:\Project\Collections\FAS\Auto-Crop\result02\2023-03-08_17-29-49_org_removed_face_0.png,12.243705150462963,5.741852925242578
D:\Project\Collections\FAS\Auto-Crop\result02\2023-03-08_17-29-49_tmp_removed_face_0.png,11.194502314814814,5.949753238592395
D:\Project\Collections\FAS\Auto-Crop\result02\2023-03-08_17-29-56_org_removed_face_0.png,5.110614872685185,4.998631867201335
D:\Project\Collections\FAS\Auto-Crop\result02\2023-03-08_17-29-56_tmp_removed_face_0.png,7.387248263888889,5.085303624501267
D:\Project\Collections\FAS\Auto-Crop\result02\2023-03-08_17-30-20_org_removed_face_0.png,15.883346354166667,4.513766858944485
D:\Project\Collections\FAS\Auto-Crop\result02\2023-03-08_17-30-20_tmp_removed_face_0.png,12.247721354166666,4.699215851862399
D:\Project\Collections\FAS\Auto-Crop\result02\2023-03-08_17-30-32_org_removed_face_0.png,15.883346354166667,4.513766858944485
D:\Project\Collections\FAS\Auto-Crop\result02\2023-03-08_17-31-10_org_removed_face_0.png,10.633054108796296,5.110609216506456
D:\Project\Collections\FAS\Auto-Crop\result02\2023-03-08_17-31-10_tmp_removed_face_0.png,8.389871238425926,5.733876871672674
D:\Project\Collections\FAS\Auto-Crop\result02\2023-03-08_17-31-44_org_removed_face_0.png,9.581263020833333,5.143364148306203
D:\Project\Collections\FAS\Auto-Crop\result02\2023-03-08_17-31-44_tmp_removed_face_0.png,12.376018518518519,5.02228088727229
D:\Project\Collections\FAS\Auto-Crop\result02\2023-03-08_17-31-51_org_removed_face_0.png,10.426788194444445,5.666999430689266
D:\Project\Collections\FAS\Auto-Crop\result02\2023-03-08_17-31-51_tmp_removed_face_0.png,9.588538773148148,5.531635608395948
D:\Project\Collections\FAS\Auto-Crop\result02\2023-03-08_17-32-17_org_removed_face_0.png,9.182333622685185,4.474805219241377
D:\Project\Collections\FAS\Auto-Crop\result02\2023-03-08_17-32-17_tmp_removed_face_0.png,8.404408275462963,4.332205816457232
D:\Project\Collections\FAS\Auto-Crop\result02\2023-03-08_17-32-26_org_removed_face_0.png,9.182333622685185,4.474805219241377
D:\Project\Collections\FAS\Auto-Crop\result02\2023-03-08_17-32-26_tmp_removed_face_0.png,8.49777488425926,5.238131522618442
D:\Project\Collections\FAS\Auto-Crop\result02\2023-03-08_17-32-29_org_removed_face_0.png,8.34620949074074,4.274070586661663
D:\Project\Collections\FAS\Auto-Crop\result02\2023-03-08_17-32-29_tmp_removed_face_0.png,11.304749710648148,4.37267772855577
D:\Project\Collections\FAS\Auto-Crop\result02\2023-03-08_17-37-53_org_removed_face_0.png,12.767881944444444,6.054523523157529
D:\Project\Collections\FAS\Auto-Crop\result02\2023-03-08_17-37-53_tmp_removed_face_0.png,10.206921296296295,5.725091811731977
D:\Project\Collections\FAS\Auto-Crop\result02\2023-03-08_17-38-05_org_removed_face_0.png,14.327355324074073,5.74671354773705
D:\Project\Collections\FAS\Auto-Crop\result02\2023-03-08_17-38-05_tmp_removed_face_0.png,9.916325231481482,5.13158746003195
D:\Project\Collections\FAS\Auto-Crop\result02\2023-03-08_17-38-18_org_removed_face_0.png,14.327355324074073,5.74671354773705
D:\Project\Collections\FAS\Auto-Crop\result02\2023-03-08_17-38-18_tmp_removed_face_0.png,8.203817997685185,5.702366191743691
D:\Project\Collections\FAS\Auto-Crop\result02\2023-03-08_17-43-46_org_removed_face_0.png,11.673433159722222,5.749866418346202
D:\Project\Collections\FAS\Auto-Crop\result02\2023-03-08_17-43-46_tmp_removed_face_0.png,12.12728587962963,5.293224481153864
D:\Project\Collections\FAS\Auto-Crop\result02\2023-03-08_17-44-34_org_removed_face_0.png,10.00209056712963,4.958616998606569
D:\Project\Collections\FAS\Auto-Crop\result02\2023-03-08_17-44-34_tmp_removed_face_0.png,8.926229745370371,5.740977438995831
D:\Project\Collections\FAS\Auto-Crop\result02\2023-03-08_17-47-45_org_removed_face_0.png,10.714460358796297,4.827155668792774
D:\Project\Collections\FAS\Auto-Crop\result02\2023-03-08_17-47-45_tmp_removed_face_0.png,9.770882523148147,4.813415764592982
D:\Project\Collections\FAS\Auto-Crop\result02\2023-03-08_17-49-29_org_removed_face_0.png,18.692115162037037,5.316888935938033
D:\Project\Collections\FAS\Auto-Crop\result02\2023-03-08_17-49-29_tmp_removed_face_0.png,11.271588541666667,5.542633338942208
D:\Project\Collections\FAS\Auto-Crop\result02\2023-03-08_17-52-14_org_removed_face_0.png,10.379013310185185,5.034256661467661
D:\Project\Collections\FAS\Auto-Crop\result02\2023-03-08_17-52-14_tmp_removed_face_0.png,9.518116319444445,4.96077828824741
D:\Project\Collections\FAS\Auto-Crop\result02\2023-03-08_17-52-26_org_removed_face_0.png,10.379013310185185,5.034256661467661
D:\Project\Collections\FAS\Auto-Crop\result02\2023-03-08_17-52-26_tmp_removed_face_0.png,9.41882957175926,5.442547074957946
D:\Project\Collections\FAS\Auto-Crop\result02\2023-03-08_17-55-16_org_removed_face_0.png,4.006102430555556,4.817735164534203
D:\Project\Collections\FAS\Auto-Crop\result02\2023-03-08_17-55-16_tmp_removed_face_0.png,6.730828993055556,4.96682445403667
D:\Project\Collections\FAS\Auto-Crop\result02\2023-03-08_17-56-07_tmp_removed_face_0.png,13.93148582175926,4.880916108374791
D:\Project\Collections\FAS\Auto-Crop\result02\2023-03-08_17-57-46_org_removed_face_0.png,4.006102430555556,4.817735164534203
D:\Project\Collections\FAS\Auto-Crop\result02\2023-03-08_17-57-46_tmp_removed_face_0.png,7.305376157407407,5.0368131524364195
D:\Project\Collections\FAS\Auto-Crop\result02\2023-03-09_07-34-49_org_removed_face_0.png,9.99127170138889,5.059067186181392
D:\Project\Collections\FAS\Auto-Crop\result02\2023-03-09_07-34-49_tmp_removed_face_0.png,8.454625289351851,4.255638953016403
D:\Project\Collections\FAS\Auto-Crop\result02\2023-03-09_07-35-37_org_removed_face_0.png,8.00962818287037,4.220912840843481
D:\Project\Collections\FAS\Auto-Crop\result02\2023-03-09_07-35-37_tmp_removed_face_0.png,5.9599840856481485,4.739046722993769
D:\Project\Collections\FAS\Auto-Crop\result02\2023-03-09_07-41-20_org_removed_face_0.png,9.054421296296296,4.727885059516233
D:\Project\Collections\FAS\Auto-Crop\result02\2023-03-09_07-41-20_tmp_removed_face_0.png,7.12959056712963,3.930635206695444
D:\Project\Collections\FAS\Auto-Crop\result02\2023-03-09_07-41-26_org_removed_face_0.png,12.655269097222222,6.036318615249295
D:\Project\Collections\FAS\Auto-Crop\result02\2023-03-09_07-41-26_tmp_removed_face_0.png,16.385105613425925,5.960923255833664
D:\Project\Collections\FAS\Auto-Crop\result02\2023-03-09_07-43-29_org_removed_face_0.png,12.243705150462963,5.741852925242578
D:\Project\Collections\FAS\Auto-Crop\result02\2023-03-09_07-43-29_tmp_removed_face_0.png,6.89425636574074,5.54198165094922
D:\Project\Collections\FAS\Auto-Crop\result02\2023-03-09_07-43-54_org_removed_face_0.png,10.903420138888889,4.346652695295029
D:\Project\Collections\FAS\Auto-Crop\result02\2023-03-09_07-43-54_tmp_removed_face_0.png,9.124398148148147,5.0447717786986885
D:\Project\Collections\FAS\Auto-Crop\result02\2023-03-09_07-44-17_org_removed_face_0.png,10.903420138888889,4.346652695295029
D:\Project\Collections\FAS\Auto-Crop\result02\2023-03-09_07-44-17_tmp_removed_face_0.png,9.03054542824074,4.286121034601894
D:\Project\Collections\FAS\Auto-Crop\result02\2023-03-09_07-44-24_org_removed_face_0.png,11.648819444444445,4.52365056452159
D:\Project\Collections\FAS\Auto-Crop\result02\2023-03-09_07-44-24_tmp_removed_face_0.png,9.640299479166666,4.323394611824445
D:\Project\Collections\FAS\Auto-Crop\result02\2023-03-09_07-47-51_org_removed_face_0.png,11.1366015625,4.876939754513126
D:\Project\Collections\FAS\Auto-Crop\result02\2023-03-09_07-47-51_tmp_removed_face_0.png,16.51814236111111,5.532826594367712
D:\Project\Collections\FAS\Auto-Crop\result02\2023-03-09_07-48-03_org_removed_face_0.png,7.700447048611111,4.7287253349997895
D:\Project\Collections\FAS\Auto-Crop\result02\2023-03-09_07-48-03_tmp_removed_face_0.png,5.122829861111111,3.955883014098828
D:\Project\Collections\FAS\Auto-Crop\result02\2023-03-09_07-48-33_org_removed_face_0.png,14.89419849537037,6.232117359907784
D:\Project\Collections\FAS\Auto-Crop\result02\2023-03-09_07-48-33_tmp_removed_face_0.png,10.16146412037037,6.071165150508374
D:\Project\Collections\FAS\Auto-Crop\result02\2023-03-09_07-48-33_tmp_removed_face_1.png,14.316824363425926,7.166051961553876
D:\Project\Collections\FAS\Auto-Crop\result02\2023-03-09_07-48-40_org_removed_face_0.png,7.700447048611111,4.7287253349997895
D:\Project\Collections\FAS\Auto-Crop\result02\2023-03-09_07-48-40_tmp_removed_face_0.png,4.75415943287037,3.97972748803281
D:\Project\Collections\FAS\Auto-Crop\result02\2023-03-09_07-49-15_org_removed_face_0.png,11.58982349537037,5.073240923606883
D:\Project\Collections\FAS\Auto-Crop\result02\2023-03-09_07-49-15_tmp_removed_face_0.png,9.383057002314814,4.941167790662954
D:\Project\Collections\FAS\Auto-Crop\result02\2023-03-09_07-49-18_org_removed_face_0.png,7.700447048611111,4.7287253349997895
D:\Project\Collections\FAS\Auto-Crop\result02\2023-03-09_07-49-18_tmp_removed_face_0.png,4.423203125,3.9683151738345277
D:\Project\Collections\FAS\Auto-Crop\result02\2023-03-09_07-55-31_org_removed_face_0.png,6.954901620370371,4.177239279569724
D:\Project\Collections\FAS\Auto-Crop\result02\2023-03-09_07-55-31_tmp_removed_face_0.png,10.264421296296296,4.270921246065748
D:\Project\Collections\FAS\Auto-Crop\result02\2023-03-09_07-55-35_org_removed_face_0.png,9.646341145833333,4.210028046449928
D:\Project\Collections\FAS\Auto-Crop\result02\2023-03-09_07-55-35_tmp_removed_face_0.png,10.580883969907408,4.199640251182969
D:\Project\Collections\FAS\Auto-Crop\result02\2023-03-09_07-56-42_org_removed_face_0.png,13.83992042824074,5.051094527322115
D:\Project\Collections\FAS\Auto-Crop\result02\2023-03-09_07-56-42_tmp_removed_face_0.png,7.250863715277778,5.014969892104268
D:\Project\Collections\FAS\Auto-Crop\result02\2023-03-09_07-56-52_org_removed_face_0.png,13.83992042824074,5.051094527322115
D:\Project\Collections\FAS\Auto-Crop\result02\2023-03-09_07-56-52_tmp_removed_face_0.png,7.4872844328703705,5.419439056311809
D:\Project\Collections\FAS\Auto-Crop\result02\2023-03-09_07-57-55_org_removed_face_0.png,13.752721354166667,4.850706077513631
D:\Project\Collections\FAS\Auto-Crop\result02\2023-03-09_07-57-58_org_removed_face_0.png,12.245834780092592,5.4504000413658975
D:\Project\Collections\FAS\Auto-Crop\result02\2023-03-09_07-57-58_tmp_removed_face_0.png,10.342139756944444,5.1798935836006965
D:\Project\Collections\FAS\Auto-Crop\result02\2023-03-09_07-57-59_org_removed_face_0.png,12.245834780092592,5.4504000413658975
D:\Project\Collections\FAS\Auto-Crop\result02\2023-03-09_07-57-59_tmp_removed_face_0.png,10.342139756944444,5.1798935836006965
D:\Project\Collections\FAS\Auto-Crop\result02\2023-03-09_07-58-17_org_removed_face_0.png,13.752721354166667,4.850706077513631
D:\Project\Collections\FAS\Auto-Crop\result02\2023-03-09_07-58-17_tmp_removed_face_0.png,7.573888888888889,4.692542736777772
D:\Project\Collections\FAS\Auto-Crop\result02\2023-03-09_07-58-47_org_removed_face_0.png,13.864975405092592,5.004173190032816
D:\Project\Collections\FAS\Auto-Crop\result02\2023-03-09_07-58-47_tmp_removed_face_0.png,12.979576099537036,5.055706240571066
D:\Project\Collections\FAS\Auto-Crop\result02\2023-03-09_07-58-48_org_removed_face_0.png,13.864975405092592,5.004173190032816
D:\Project\Collections\FAS\Auto-Crop\result02\2023-03-09_07-58-48_tmp_removed_face_0.png,12.979576099537036,5.055706240571066
D:\Project\Collections\FAS\Auto-Crop\result02\2023-03-09_07-58-49_org_removed_face_0.png,13.864975405092592,5.004173190032816
D:\Project\Collections\FAS\Auto-Crop\result02\2023-03-09_07-58-49_tmp_removed_face_0.png,12.979576099537036,5.055706240571066
D:\Project\Collections\FAS\Auto-Crop\result02\2023-03-09_07-59-09_org_removed_face_0.png,9.774988425925926,5.364851722788112
D:\Project\Collections\FAS\Auto-Crop\result02\2023-03-09_07-59-09_tmp_removed_face_0.png,9.294230324074075,4.972934653373892
D:\Project\Collections\FAS\Auto-Crop\result02\2023-03-09_07-59-15_org_removed_face_0.png,13.303845486111111,5.9078677841566645
D:\Project\Collections\FAS\Auto-Crop\result02\2023-03-09_07-59-15_tmp_removed_face_0.png,16.747144097222222,5.3285810410024785
D:\Project\Collections\FAS\Auto-Crop\result02\2023-03-09_07-59-19_org_removed_face_0.png,9.774988425925926,5.364851722788112
D:\Project\Collections\FAS\Auto-Crop\result02\2023-03-09_07-59-19_tmp_removed_face_0.png,9.246785300925925,4.867524536789193
D:\Project\Collections\FAS\Auto-Crop\result02\2023-03-09_08-00-25_org_removed_face_0.png,10.633054108796296,5.110609216506456
D:\Project\Collections\FAS\Auto-Crop\result02\2023-03-09_08-00-25_tmp_removed_face_0.png,8.077699652777778,5.049215618215468
D:\Project\Collections\FAS\Auto-Crop\result02\2023-03-09_08-01-30_org_removed_face_0.png,17.327465277777776,5.695804499295498
D:\Project\Collections\FAS\Auto-Crop\result02\2023-03-09_08-01-30_tmp_removed_face_0.png,18.223858506944445,5.682503257852131
D:\Project\Collections\FAS\Auto-Crop\result02\2023-03-09_08-01-31_org_removed_face_0.png,17.327465277777776,5.695804499295498
D:\Project\Collections\FAS\Auto-Crop\result02\2023-03-09_08-01-31_tmp_removed_face_0.png,18.223858506944445,5.682503257852131
D:\Project\Collections\FAS\Auto-Crop\result02\2023-03-09_08-02-25_org_removed_face_0.png,11.843600983796296,5.740639401170095
D:\Project\Collections\FAS\Auto-Crop\result02\2023-03-09_08-02-25_tmp_removed_face_0.png,24.988408564814815,5.835799441915909
D:\Project\Collections\FAS\Auto-Crop\result02\2023-03-09_08-02-26_org_removed_face_0.png,11.843600983796296,5.740639401170095
D:\Project\Collections\FAS\Auto-Crop\result02\2023-03-09_08-02-26_tmp_removed_face_0.png,24.988408564814815,5.835799441915909
D:\Project\Collections\FAS\Auto-Crop\result02\2023-03-09_08-04-46_org_removed_face_0.png,8.732666377314814,4.22781987302429
D:\Project\Collections\FAS\Auto-Crop\result02\2023-03-09_08-08-46_org_removed_face_0.png,8.34620949074074,4.274070586661663
D:\Project\Collections\FAS\Auto-Crop\result02\2023-03-09_08-08-46_tmp_removed_face_0.png,9.123719618055556,4.228530730020417
D:\Project\Collections\FAS\Auto-Crop\result02\2023-03-09_08-08-50_org_removed_face_0.png,20.086103877314816,5.299450132457145
D:\Project\Collections\FAS\Auto-Crop\result02\2023-03-09_08-08-50_tmp_removed_face_0.png,16.603217592592593,5.112865605917568
D:\Project\Collections\FAS\Auto-Crop\result02\2023-03-09_08-08-53_org_removed_face_0.png,10.571707175925926,4.595435666179218
D:\Project\Collections\FAS\Auto-Crop\result02\2023-03-09_08-08-53_tmp_removed_face_0.png,9.247955729166666,4.111286808682555
D:\Project\Collections\FAS\Auto-Crop\result02\2023-03-09_08-10-09_org_removed_face_0.png,5.2008984375,3.286910390427211
D:\Project\Collections\FAS\Auto-Crop\result02\2023-03-09_08-10-09_tmp_removed_face_0.png,6.872751736111111,4.655141766291795
D:\Project\Collections\FAS\Auto-Crop\result02\2023-03-09_08-12-44_org_removed_face_0.png,14.066095196759258,5.4365800333190695
D:\Project\Collections\FAS\Auto-Crop\result02\2023-03-09_08-12-44_tmp_removed_face_0.png,12.839168113425925,5.275237584231704
D:\Project\Collections\FAS\Auto-Crop\result02\2023-03-09_08-14-17_org_removed_face_0.png,9.990300925925926,4.882635485357426
D:\Project\Collections\FAS\Auto-Crop\result02\2023-03-09_08-14-17_tmp_removed_face_0.png,15.215054976851851,5.032485528976362
D:\Project\Collections\FAS\Auto-Crop\result02\2023-03-09_08-18-03_org_removed_face_0.png,4.964955150462963,3.8659240515743303
D:\Project\Collections\FAS\Auto-Crop\result02\2023-03-09_08-18-03_tmp_removed_face_0.png,4.997809606481481,3.1966904151747144
D:\Project\Collections\FAS\Auto-Crop\result02\2023-03-09_08-18-53_org_removed_face_0.png,8.939351851851852,4.427748626201577
D:\Project\Collections\FAS\Auto-Crop\result02\2023-03-09_08-18-53_tmp_removed_face_0.png,8.296491608796297,4.526742477261539
D:\Project\Collections\FAS\Auto-Crop\result02\2023-03-09_08-19-12_org_removed_face_0.png,8.939351851851852,4.427748626201577
D:\Project\Collections\FAS\Auto-Crop\result02\2023-03-09_08-19-12_tmp_removed_face_0.png,9.664660011574075,4.242105344447596
D:\Project\Collections\FAS\Auto-Crop\result02\2023-03-09_08-22-15_org_removed_face_0.png,15.883346354166667,4.513766858944485
D:\Project\Collections\FAS\Auto-Crop\result02\2023-03-09_08-22-15_tmp_removed_face_0.png,8.677377025462963,3.658239160646327
D:\Project\Collections\FAS\Auto-Crop\result02\2023-03-09_08-22-47_org_removed_face_0.png,9.236626157407407,4.868368302812469
D:\Project\Collections\FAS\Auto-Crop\result02\2023-03-09_08-25-36_tmp_removed_face_0.png,6.167978877314815,3.815454579111822
D:\Project\Collections\FAS\Auto-Crop\result02\2023-03-09_08-25-49_org_removed_face_0.png,6.341129918981482,3.8432240894841825
D:\Project\Collections\FAS\Auto-Crop\result02\2023-03-09_08-28-32_org_removed_face_0.png,7.969359085648148,4.081078750053885
D:\Project\Collections\FAS\Auto-Crop\result02\2023-03-09_08-28-32_tmp_removed_face_0.png,6.314824942129629,4.003728310436388
D:\Project\Collections\FAS\Auto-Crop\result02\2023-03-09_08-32-16_org_removed_face_0.png,9.798058449074073,5.530877092658373
D:\Project\Collections\FAS\Auto-Crop\result02\2023-03-09_08-32-16_tmp_removed_face_0.png,7.402024016203704,5.491005735536699
D:\Project\Collections\FAS\Auto-Crop\result02\2023-03-09_08-32-18_org_removed_face_0.png,9.798058449074073,5.530877092658373
D:\Project\Collections\FAS\Auto-Crop\result02\2023-03-09_08-32-18_tmp_removed_face_0.png,7.402024016203704,5.491005735536699
D:\Project\Collections\FAS\Auto-Crop\result02\2023-03-09_08-32-33_org_removed_face_0.png,7.693269675925926,5.097261251398712
D:\Project\Collections\FAS\Auto-Crop\result02\2023-03-09_08-32-33_tmp_removed_face_0.png,9.70375144675926,4.601694495360823
D:\Project\Collections\FAS\Auto-Crop\result02\2023-03-09_08-33-12_org_removed_face_0.png,7.639348958333334,4.454184268637473
D:\Project\Collections\FAS\Auto-Crop\result02\2023-03-09_08-33-12_tmp_removed_face_0.png,7.259301215277778,4.61882026929799
D:\Project\Collections\FAS\Auto-Crop\result02\2023-03-09_08-35-48_org_removed_face_0.png,10.379013310185185,5.034256661467661
D:\Project\Collections\FAS\Auto-Crop\result02\2023-03-09_08-35-48_tmp_removed_face_0.png,7.203914930555555,4.538439556116406
D:\Project\Collections\FAS\Auto-Crop\result02\2023-03-09_08-39-01_org_removed_face_0.png,11.537884837962963,5.362843510237175
D:\Project\Collections\FAS\Auto-Crop\result02\2023-03-09_08-39-01_tmp_removed_face_0.png,9.107725694444444,5.243318337046246
D:\Project\Collections\FAS\Auto-Crop\result02\2023-03-09_08-45-24_org_removed_face_0.png,14.173922164351852,4.891928770409533
D:\Project\Collections\FAS\Auto-Crop\result02\2023-03-09_08-45-24_tmp_removed_face_0.png,9.848298611111112,4.618758689023594
D:\Project\Collections\FAS\Auto-Crop\result02\2023-03-09_08-47-46_org_removed_face_0.png,9.060115740740741,4.107657062710807
D:\Project\Collections\FAS\Auto-Crop\result02\2023-03-09_08-47-46_tmp_removed_face_0.png,6.742485532407407,5.094399822186716
D:\Project\Collections\FAS\Auto-Crop\result02\2023-03-09_08-48-00_org_removed_face_0.png,12.657553530092592,5.404972305505442
D:\Project\Collections\FAS\Auto-Crop\result02\2023-03-09_08-48-09_org_removed_face_0.png,12.657553530092592,5.404972305505442
D:\Project\Collections\FAS\Auto-Crop\result02\2023-03-09_08-48-09_tmp_removed_face_0.png,15.308598090277778,4.880768803111717
D:\Project\Collections\FAS\Auto-Crop\result02\2023-03-09_08-52-22_org_removed_face_0.png,10.00209056712963,4.958616998606569
D:\Project\Collections\FAS\Auto-Crop\result02\2023-03-09_08-52-22_tmp_removed_face_0.png,8.466627604166666,4.4658209217233304
D:\Project\Collections\FAS\Auto-Crop\result02\2023-03-09_09-14-29_org_removed_face_0.png,14.664467592592592,5.490361393303839
D:\Project\Collections\FAS\Auto-Crop\result02\2023-03-09_09-14-29_tmp_removed_face_0.png,9.892333622685186,4.623112832936401
D:\Project\Collections\FAS\Auto-Crop\result02\2023-03-09_13-47-14_org_removed_face_0.png,12.657553530092592,5.404972305505442
D:\Project\Collections\FAS\Auto-Crop\result02\2023-03-09_13-47-14_tmp_removed_face_0.png,15.594820601851852,5.234004258091675
D:\Project\Collections\FAS\Auto-Crop\result02\2023-03-09_14-40-35_org_removed_face_0.png,8.508977141203705,4.058683386925225
D:\Project\Collections\FAS\Auto-Crop\result02\2023-03-09_14-40-35_tmp_removed_face_0.png,8.211242766203704,4.198426688599607
D:\Project\Collections\FAS\Auto-Crop\result02\2023-03-09_14-40-45_org_removed_face_0.png,8.508977141203705,4.058683386925225
D:\Project\Collections\FAS\Auto-Crop\result02\2023-03-09_14-40-45_tmp_removed_face_0.png,4.434703414351852,3.224158828684944
D:\Project\Collections\FAS\Auto-Crop\result02\2023-03-09_17-39-17_org_removed_face_0.png,10.426788194444445,5.666999430689266
D:\Project\Collections\FAS\Auto-Crop\result02\2023-03-09_17-39-17_tmp_removed_face_0.png,11.167034143518519,6.356826219144919
D:\Project\Collections\FAS\Auto-Crop\result02\2023-03-09_17-40-40_org_removed_face_0.png,10.633054108796296,5.110609216506456
D:\Project\Collections\FAS\Auto-Crop\result02\2023-03-09_17-40-40_tmp_removed_face_0.png,5.692261284722222,4.186565710758323
D:\Project\Collections\FAS\Auto-Crop\result02\2023-03-09_17-41-00_org_removed_face_0.png,10.519127604166666,5.850311095019535
D:\Project\Collections\FAS\Auto-Crop\result02\2023-03-09_17-41-00_tmp_removed_face_0.png,7.511875,5.318421897673803
D:\Project\Collections\FAS\Auto-Crop\result02\2023-03-09_17-47-16_org_removed_face_0.png,15.883346354166667,4.513766858944485
D:\Project\Collections\FAS\Auto-Crop\result02\2023-03-09_17-47-16_tmp_removed_face_0.png,9.21966724537037,4.007546299194076
D:\Project\Collections\FAS\Auto-Crop\result02\2023-03-09_17-52-13_org_removed_face_0.png,12.767881944444444,6.054523523157529
D:\Project\Collections\FAS\Auto-Crop\result02\2023-03-09_17-52-13_tmp_removed_face_0.png,25.03033130787037,6.313431645133511
D:\Project\Collections\FAS\Auto-Crop\result02\2023-03-09_18-37-45_org_removed_face_0.png,13.336312210648147,5.38621500261093
D:\Project\Collections\FAS\Auto-Crop\result02\2023-03-09_18-37-45_tmp_removed_face_0.png,12.731203703703704,5.256494592806351
D:\Project\Collections\FAS\Auto-Crop\result02\2023-03-09_18-41-50_org_removed_face_0.png,7.969359085648148,4.081078750053885
D:\Project\Collections\FAS\Auto-Crop\result02\2023-03-09_18-41-50_tmp_removed_face_0.png,4.778349247685185,3.2876261340981894
D:\Project\Collections\FAS\Auto-Crop\result02\2023-03-09_18-48-13_org_removed_face_0.png,13.864975405092592,5.004173190032816
D:\Project\Collections\FAS\Auto-Crop\result02\2023-03-09_18-48-13_tmp_removed_face_1.png,13.362453703703704,5.067538846473626
D:\Project\Collections\FAS\Auto-Crop\result02\2023-03-10_07-58-36_org_removed_face_0.png,13.336312210648147,5.38621500261093
D:\Project\Collections\FAS\Auto-Crop\result02\2023-03-10_07-58-36_tmp_removed_face_0.png,11.897855902777778,4.907695127595135
D:\Project\Collections\FAS\Auto-Crop\result02\2023-03-10_07-58-47_org_removed_face_0.png,11.843600983796296,5.740639401170095
D:\Project\Collections\FAS\Auto-Crop\result02\2023-03-10_07-58-47_tmp_removed_face_0.png,15.350655381944444,5.358288934164704
D:\Project\Collections\FAS\Auto-Crop\result02\2023-03-10_17-34-42_org_removed_face_0.png,10.633054108796296,5.110609216506456
D:\Project\Collections\FAS\Auto-Crop\result02\2023-03-10_17-34-42_tmp_removed_face_0.png,8.616686921296296,4.430113780049637
D:\Project\Collections\FAS\Auto-Crop\result02\2023-03-10_17-42-57_org_removed_face_0.png,11.58982349537037,5.073240923606883
D:\Project\Collections\FAS\Auto-Crop\result02\2023-03-10_17-42-57_tmp_removed_face_0.png,7.822526041666666,4.4528461685560945
D:\Project\Collections\FAS\Auto-Crop\result02\2023-03-10_17-43-07_org_removed_face_0.png,11.58982349537037,5.073240923606883
D:\Project\Collections\FAS\Auto-Crop\result02\2023-03-10_17-43-07_tmp_removed_face_0.png,10.74697337962963,4.760051514515163
D:\Project\Collections\FAS\Auto-Crop\result02\2023-03-10_18-11-31_org_removed_face_0.png,6.341129918981482,3.8432240894841825
D:\Project\Collections\FAS\Auto-Crop\result02\2023-03-10_18-11-31_tmp_removed_face_0.png,5.161433738425926,3.539707252915165
D:\Project\Collections\FAS\Auto-Crop\result02\2023-03-10_18-11-42_org_removed_face_0.png,6.341129918981482,3.8432240894841825
D:\Project\Collections\FAS\Auto-Crop\result02\2023-03-10_18-11-42_tmp_removed_face_0.png,4.917549189814815,3.1305596573214363
D:\Project\Collections\FAS\Auto-Crop\result02\2023-03-13_07-51-08_org_removed_face_0.png,12.59382667824074,5.487666556296829
D:\Project\Collections\FAS\Auto-Crop\result02\2023-03-13_07-51-08_tmp_removed_face_0.png,8.657767650462963,5.278917868803445
D:\Project\Collections\FAS\Auto-Crop\result02\2023-03-13_07-51-10_org_removed_face_0.png,12.59382667824074,5.487666556296829
D:\Project\Collections\FAS\Auto-Crop\result02\2023-03-13_07-51-10_tmp_removed_face_0.png,8.657767650462963,5.278917868803445
D:\Project\Collections\FAS\Auto-Crop\result02\2023-03-13_07-51-22_org_removed_face_0.png,11.1366015625,4.876939754513126
D:\Project\Collections\FAS\Auto-Crop\result02\2023-03-13_07-51-22_tmp_removed_face_0.png,12.24550925925926,4.98271018182415
D:\Project\Collections\FAS\Auto-Crop\result02\2023-03-23_18-04-15_org_removed_face_0.png,7.374225983796296,4.6470760692431465
D:\Project\Collections\FAS\Auto-Crop\result02\2023-03-23_18-04-15_tmp_removed_face_0.png,6.20037037037037,5.064154582595188
D:\Project\Collections\FAS\Auto-Crop\result02\2023-03-23_18-06-58_org_removed_face_0.png,6.341129918981482,3.8432240894841825
D:\Project\Collections\FAS\Auto-Crop\result02\2023-03-23_18-06-58_tmp_removed_face_0.png,6.810668402777778,4.097962638614755
D:\Project\Collections\FAS\Auto-Crop\result02\2023-03-23_18-49-32_org_removed_face_0.png,11.325697337962962,4.20849458465355
D:\Project\Collections\FAS\Auto-Crop\result02\2023-03-23_18-49-32_tmp_removed_face_0.png,8.421420717592593,3.7513145231763474
D:\Project\Collections\FAS\Auto-Crop\result02\2023-03-24_17-50-32_org_removed_face_0.png,10.379013310185185,5.034256661467661
D:\Project\Collections\FAS\Auto-Crop\result02\2023-03-24_17-50-32_tmp_removed_face_0.png,4.437785011574074,4.103451576083066
D:\Project\Collections\FAS\Auto-Crop\result02\2023-03-24_18-48-49_org_removed_face_0.png,10.571707175925926,4.595435666179218
D:\Project\Collections\FAS\Auto-Crop\result02\2023-03-24_18-48-49_tmp_removed_face_0.png,11.812316261574074,4.875714359994332
D:\Project\Collections\FAS\Auto-Crop\result02\2023-04-03_16-05-37_org_removed_face_0.png,11.196581307870371,5.2199718698091075
D:\Project\Collections\FAS\Auto-Crop\result02\2023-04-03_16-05-37_tmp_removed_face_0.png,14.152980324074074,5.621654392761575
D:\Project\Collections\FAS\Auto-Crop\result02\2023-04-03_18-18-18_org_removed_face_0.png,14.664467592592592,5.490361393303839
D:\Project\Collections\FAS\Auto-Crop\result02\2023-04-03_18-18-18_tmp_removed_face_0.png,13.523098958333334,5.4511093609839865
D:\Project\Collections\FAS\Auto-Crop\result02\2023-04-03_18-18-30_org_removed_face_0.png,14.664467592592592,5.490361393303839
D:\Project\Collections\FAS\Auto-Crop\result02\2023-04-03_18-18-30_tmp_removed_face_0.png,10.857514467592592,5.086796822793558
D:\Project\Collections\FAS\Auto-Crop\result02\2023-04-03_18-18-45_org_removed_face_0.png,11.325697337962962,4.20849458465355
D:\Project\Collections\FAS\Auto-Crop\result02\2023-04-03_18-21-31_org_removed_face_0.png,9.472945601851851,4.919971827206542
D:\Project\Collections\FAS\Auto-Crop\result02\2023-04-03_18-21-31_tmp_removed_face_0.png,6.0249233217592595,4.219446323543086
D:\Project\Collections\FAS\Auto-Crop\result02\2023-04-04_07-49-14_org_removed_face_0.png,9.1114453125,4.822625076486566
D:\Project\Collections\FAS\Auto-Crop\result02\2023-04-04_07-49-14_tmp_removed_face_0.png,5.720313946759259,4.064924576574154
D:\Project\Collections\FAS\Auto-Crop\result02\2023-04-04_07-50-34_org_removed_face_0.png,10.903420138888889,4.346652695295029
D:\Project\Collections\FAS\Auto-Crop\result02\2023-04-04_07-50-34_tmp_removed_face_0.png,13.230610532407407,5.63600577086501
D:\Project\Collections\FAS\Auto-Crop\result02\2023-04-04_07-50-42_org_removed_face_0.png,10.903420138888889,4.346652695295029
D:\Project\Collections\FAS\Auto-Crop\result02\2023-04-04_07-50-42_tmp_removed_face_0.png,11.578032407407408,5.661115707139135
D:\Project\Collections\FAS\Auto-Crop\result02\2023-04-04_07-51-25_org_removed_face_0.png,7.4215234375,5.502172646997473
D:\Project\Collections\FAS\Auto-Crop\result02\2023-04-04_07-51-25_tmp_removed_face_0.png,6.270543981481482,4.95432330758635
D:\Project\Collections\FAS\Auto-Crop\result02\2023-04-04_07-51-36_org_removed_face_0.png,7.8625694444444445,4.337480303770414
D:\Project\Collections\FAS\Auto-Crop\result02\2023-04-04_07-51-36_tmp_removed_face_0.png,8.837365451388889,4.586383048583505
D:\Project\Collections\FAS\Auto-Crop\result02\2023-04-04_07-54-52_org_removed_face_0.png,13.864975405092592,5.004173190032816
D:\Project\Collections\FAS\Auto-Crop\result02\2023-04-04_07-54-52_tmp_removed_face_0.png,16.385185185185186,5.852938156922594
D:\Project\Collections\FAS\Auto-Crop\result02\2023-04-04_07-55-54_org_removed_face_0.png,17.823366608796295,5.562059569531032
D:\Project\Collections\FAS\Auto-Crop\result02\2023-04-04_07-55-54_tmp_removed_face_0.png,20.74451099537037,5.391703153028585
D:\Project\Collections\FAS\Auto-Crop\result02\2023-04-04_07-56-03_org_removed_face_0.png,17.823366608796295,5.562059569531032
D:\Project\Collections\FAS\Auto-Crop\result02\2023-04-04_07-56-03_tmp_removed_face_0.png,17.32185474537037,5.488265773189006
D:\Project\Collections\FAS\Auto-Crop\result02\2023-04-04_07-57-18_org_removed_face_0.png,9.1114453125,4.822625076486566
D:\Project\Collections\FAS\Auto-Crop\result02\2023-04-04_07-57-18_tmp_removed_face_0.png,8.308904803240742,4.727597350426111
D:\Project\Collections\FAS\Auto-Crop\result02\2023-04-04_07-57-31_org_removed_face_0.png,9.302864583333333,5.310580947610295
D:\Project\Collections\FAS\Auto-Crop\result02\2023-04-04_07-57-31_tmp_removed_face_0.png,13.204412615740742,4.802162595732852
D:\Project\Collections\FAS\Auto-Crop\result02\2023-04-04_07-58-13_org_removed_face_0.png,11.139829282407407,4.86920427704036
D:\Project\Collections\FAS\Auto-Crop\result02\2023-04-04_07-58-13_tmp_removed_face_0.png,15.664024884259259,5.225437234124244
D:\Project\Collections\FAS\Auto-Crop\result02\2023-04-06_17-30-22_org_removed_face_0.png,15.217055844907408,5.033095071561098
D:\Project\Collections\FAS\Auto-Crop\result02\2023-04-06_17-30-22_tmp_removed_face_0.png,10.449658564814815,4.865969637715231
D:\Project\Collections\FAS\Auto-Crop\result02\2023-04-13_08-37-30_org_removed_face_0.png,9.280988136574074,4.032428739230898
D:\Project\Collections\FAS\Auto-Crop\result02\2023-04-13_08-37-30_tmp_removed_face_1.png,11.161283275462964,4.750364017798238
D:\Project\Collections\FAS\Auto-Crop\result02\2023-04-13_18-29-32_org_removed_face_0.png,21.895082465277778,5.564282046022209
D:\Project\Collections\FAS\Auto-Crop\result02\2023-04-13_18-29-32_tmp_removed_face_0.png,15.00515335648148,4.857014665539085
D:\Project\Collections\FAS\Auto-Crop\result02\2023-04-13_18-35-34_org_removed_face_0.png,8.696847511574074,5.501906255762249
D:\Project\Collections\FAS\Auto-Crop\result02\2023-04-13_18-35-34_tmp_removed_face_0.png,8.866919849537037,5.869291340700986
D:\Project\Collections\FAS\Auto-Crop\result02\2023-04-13_19-11-39_org_removed_face_0.png,14.664467592592592,5.490361393303839
D:\Project\Collections\FAS\Auto-Crop\result02\2023-04-13_19-11-39_tmp_removed_face_0.png,13.217078993055555,5.16733119540711
D:\Project\Collections\FAS\Auto-Crop\result02\2023-04-13_19-39-12_org_removed_face_0.png,10.426788194444445,5.666999430689266
D:\Project\Collections\FAS\Auto-Crop\result02\2023-04-13_19-39-12_tmp_removed_face_0.png,8.529189814814815,5.259525538905516
D:\Project\Collections\FAS\Auto-Crop\result02\2023-04-24_17-37-09_org_removed_face_0.png,11.139829282407407,4.86920427704036
D:\Project\Collections\FAS\Auto-Crop\result02\2023-04-24_17-37-09_tmp_removed_face_0.png,17.917881944444446,6.322759399666802
D:\Project\Collections\FAS\Auto-Crop\result02\2023-04-26_08-20-27_org_removed_face_0.png,12.57798755787037,5.152897479663677
D:\Project\Collections\FAS\Auto-Crop\result02\2023-04-26_08-20-27_tmp_removed_face_0.png,8.316825810185184,4.9181159590452985
D:\Project\Collections\FAS\Auto-Crop\result02\2023-05-10_07-54-05_org_removed_face_0.png,15.959693287037037,5.143270237047647
D:\Project\Collections\FAS\Auto-Crop\result02\2023-05-10_07-54-05_tmp_removed_face_0.png,11.315772569444444,4.278918451776685
D:\Project\Collections\FAS\Auto-Crop\result02\2023-05-10_07-55-41_org_removed_face_0.png,10.398132233796296,4.141942017414713
D:\Project\Collections\FAS\Auto-Crop\result02\2023-05-10_07-55-41_tmp_removed_face_0.png,10.335170717592593,4.133642646311856
D:\Project\Collections\FAS\Auto-Crop\result02\2023-05-10_07-55-43_org_removed_face_0.png,22.161184895833333,6.120374397247161
D:\Project\Collections\FAS\Auto-Crop\result02\2023-05-10_07-55-43_tmp_removed_face_0.png,18.315811631944445,6.081153839643719
D:\Project\Collections\FAS\Auto-Crop\result02\2023-05-10_08-02-45_org_removed_face_0.png,12.520639467592593,4.793269248426087
D:\Project\Collections\FAS\Auto-Crop\result02\2023-05-10_08-02-45_tmp_removed_face_0.png,8.232861689814815,4.449647645739495
D:\Project\Collections\FAS\Auto-Crop\result02\2023-05-10_08-08-52_org_removed_face_0.png,17.327465277777776,5.695804499295498
D:\Project\Collections\FAS\Auto-Crop\result02\2023-05-10_08-08-52_tmp_removed_face_0.png,16.70259403935185,5.122848374344892
D:\Project\Collections\FAS\Auto-Crop\result02\2023-05-10_08-09-04_org_removed_face_0.png,17.327465277777776,5.695804499295498
D:\Project\Collections\FAS\Auto-Crop\result02\2023-05-10_08-09-04_tmp_removed_face_0.png,18.433894675925927,5.739194438459868
